serial_no;title;status;fund_perc;category;place;last_updated;company;websites;project_link;description
553;aniLight 3: A tiny multifunctional motion sensor night light;Ended;251%;Gadgets;Las Vegas, NV;;aniFree;[];https://www.kickstarter.com/projects/anifree/anilight-3-a-tiny-multifunctional-motion-sensor-night-light;A Bluetooth mesh enabled rechargeable light miniature activated by body motion in the dark, able to control mesh enabled light blubs.
554;GoPump 5-in-1 Portable Air Pump;Ended;170%;Gadgets;Hong Kong, Hong Kong;;GoPump;[];https://www.kickstarter.com/projects/gopump/gopump-5-in-1-portable-air-pump;5-in-1ÔΩúfast air pump for inflatablesÔΩú2500A 12V Car Jump StarterÔΩú20800mAh Power BankÔΩú6 Modes LED Camping LightÔΩúHigh Beam Flashlight
555;PIN-Master¬Æ 2.0 | The Most Secure & Compact Password Manager;Ended;1606%;Gadgets;Ringkobing, Denmark;;Lennart Qvist;['https://www.pin-master.com/'];https://www.kickstarter.com/projects/pin-master/pin-master-20-the-most-secure-and-compact-password-manager;Never worry about being hacked or forgetting a critical code again. A 100% safe and secure offline device in credit card size.
556;The Sharp : knife sharpener reinvented;Ended;236%;Gadgets;Kharkiv, Ukraine;;Baluta Marian;[];https://www.kickstarter.com/projects/645842101/the-sharp-knife-sharpener-reinvented;Top device to sharpen any knife without any skill in seconds
557;ABLEFIT: Master Your Breath and Unlock Your Potential;Ended;7469%;Gadgets;Seoul, South Korea;;Addable;['https://www.ablefit-air.com/'];https://www.kickstarter.com/projects/addable/ablefit-master-your-breath-and-unlock-your-potential;Breath Training | Coaching App with Games | Detachable Power Plate | Hands-free Operation | Just 5 Minutes a Day | Increase Performance
558;ONE BOXÔºöWooden storage boxes composed of ancient craftsmansh;Ended;1132%;Gadgets;Delaware, OH;;CHENGSHE.design;[];https://www.kickstarter.com/projects/chengshedesign/one-box;Storage box / educational / magnetic / infinite pen / stationery box / natural wood / lightweight and portable / collection / EDC
559;Magtame | Magnetic Charging & Data Cables Redesigned;Ended;543%;Gadgets;Hong Kong, Hong Kong;;Magtame;[];https://www.kickstarter.com/projects/magtame/magtame-magnetic-charging-and-data-cables-redesigned;Magnetic Auto Organized | Reliable & Durable | Minimalist Design
560;PLAUD NOTE: ChatGPT Empowered AI Voice Recorder;Ended;22164%;Gadgets;Sheridan, WY;;iZYREC;['https://plaud.ai/', 'https://note.plaud.ai/', 'https://izyrec.com/'];https://www.kickstarter.com/projects/izyrec/plaud-note-chatgpt-empowered-ai-voice-recorder;One-Press RecordingÔΩúTranscription & SummaryÔΩúPowered by ChatGPTÔΩú30-Hour Continuous RecordingÔΩú64GB StorageÔΩúSnap with MagSafeÔΩúFree App
561;Funsnap: The Revolutionary Stretchable 6x Windpower Neck Fan;Ended;2485%;Gadgets;Hong Kong, Hong Kong;;Sparkle Team;[];https://www.kickstarter.com/projects/sparkle-team/funsnap-the-revolutionary-stretchable-6x-windpower-neck-fan;üööFree Shipping ‚óè Adjustable & Stretchable Air Outlet ‚óè 360¬∞ Around Airflow ‚óè Portable Air Conditioner ‚óè Ultra Silent ‚óè 5000mAh Battery
562;TIKTAALIK HUBSTAND : Laptop stand + 8-in-1 multi hub!;Ended;215%;Gadgets;Seoul, South Korea;;CT5 Inc.;[];https://www.kickstarter.com/projects/tiktaalik/tiktaalik-hubstand-laptop-stand-8-in-1-multi-hub;The combination of Laptop stand and 8-in-1 multi hub! Make up your desk as a multitask station with TIKTAALIK HUBSTAND!
563;Skadu M1: Clean & Sterilize Your Home In A Single Pass!;Ended;2940%;Gadgets;Santa Clara, CA;;Hyper Lychee;['https://www.hyperlychee.com/'];https://www.kickstarter.com/projects/hyperlychee/skadu-m1-wet-and-dry-handheld-vacuum-and-sterilizer-combo;INNOVATION ALERT: Vacuum Wet & Dry | Handheld Vacuum Mode | Electrolysis (HOCL) + UV Lamp Sterelization | Self Cleaning & Drying
564;TRUE-REL EYE MASSAGER: Revolutionary Bluetooth Eye Massager;Ended;138%;Gadgets;Vancouver, Canada;;True relaxation;[];https://www.kickstarter.com/projects/true-rel/true-rel-eye-massager-revolutionary-bluetooth-eye-massager;Experience the future of relaxation with TRUE-REL EYE MASSAGER, a smart Bluetooth eye massager that rejuvenates your eyes in minutes
565;OpenGym Basketball & Pivot Technology;Ended;134%;Gadgets;Dallas, TX;;OpenGym LLC;['https://www.opengymtx.com/'];https://www.kickstarter.com/projects/opengymtx/opengym-basketball-and-pivot-technology;Unless...The backboard itself could rotate,üí°ü§Ø
566;FlameShip - 3D Electric Steam Fireplace;Ended;2233%;Gadgets;Krakow, Poland;;FlameShip;['https://udtech.co/', 'https://www.linkedin.com/company/udtech/'];https://www.kickstarter.com/projects/flameship/flameship-3d-electric-steam-fireplace;Absolute safety. Maximum flame realism. 5 operating modes. Unique design.
567;VesperGuard - Mosquito-Free 24/7 Repeller For Epic Vibe;Ended;2856%;Gadgets;Denver, CO;;Vibis Tech;[];https://www.kickstarter.com/projects/vibis/vesperguard-mosquito-free-24-7-repeller-for-epic-vibe;A solution to repel mosquitoes and elevate your outdoor experience. Featuring a repelling power that spans up to 30ft.
568;MEGAPUFF: Origami Solar Power Bank and Light;Ended;853%;Gadgets;New York, NY;;Solight Design;['https://solight-design.com/', 'https://www.goodmorningamerica.com/news/video/entrepreneur-helping-people-ukraine-96259357', 'https://www.msnbc.com/know-your-value/out-of-office/ukraine-without-power-entrepreneur-taking-lanterns-ukraine-n1302047', 'https://tamronhallshow.com/videos/inventor-alice-chun-illuminates-our-studio-her-innovative-new-technology/'];https://www.kickstarter.com/projects/megapuff/megapuff-origami-solar-light-and-power-bank;Power + Light anywhere any time Designed by Architects and Humanitarians. Empowering you!
569;World's First iPhone Synced Projection&10000mAh Power Bank;Ended;216%;Gadgets;Hong Kong, Hong Kong;;UNQ:iPhone Synced Projection;[];https://www.kickstarter.com/projects/664797509/worlds-first-iphone-synced-projectionand10000mah-power-bank;iPhone/iPad Synced ProjectionÔ∏±AR/MR Glasses CompatibleÔ∏±3-in-1 Magsafe Wireless Charger Ô∏±10000mAh Power BankÔ∏±15W Qi Fast Charging
570;allroundo Pro- Convertible, Modular Power Bank for On-the-Go;Ended;517%;Gadgets;L√ºneburg, Germany;;Vonmahlen International;['https://vonmaehlen.com/'];https://www.kickstarter.com/projects/vonmahlen/allroundo-pro-convertible-modular-power-bank-for-on-the-go;It's a bidirectional ecosystem of product that can be integrated in endless configurations to make your on-the-go setup truly personal.
571;Jelly Star - The World's Smallest Android 13 Smartphone;Ended;1108%;Gadgets;Shanghai, China;;Unihertz;['http://www.unihertz.com/', 'https://www.facebook.com/1526680197345277/', 'https://twitter.com/unihertz', 'https://www.instagram.com/unihertzjelly', 'https://www.youtube.com/@unihertzofficial', 'https://www.linkedin.com/company/unihertz/'];https://www.kickstarter.com/projects/jellyphone/jelly-star-the-smallest-android-13-smartphone;The New Star of Unihertz Jelly Series with Transparent Design and LED Light. Still Small, Yet Powerful.
572;VH-80A : Auto Calibration Dual Laser Distance Meter;Ended;4034%;Gadgets;Wilmington, DE;;Magpie Tech;['https://www.instagram.com/magpietech_us/', 'https://www.magpiefunding.com/', 'https://magpietech.us/', 'https://www.youtube.com/@MagpieTech_official/featured'];https://www.kickstarter.com/projects/magpietech/vh-80a-auto-calibration-dual-laser-distance-meter;New Era of Distance Measurement | Highest Accuracy with Auto-Calibration Feature | 9 Times Faster Project Speed | Data Management App
573;Trailbrush: The Two-Gram Toothbrush;Ended;101%;Gadgets;Arlington, VA;;Andrew;['https://www.trailbrush.com/'];https://www.kickstarter.com/projects/trailbrush/trailbrush-the-two-gram-toothbrush;A 2.6-gram toothbrush that connects to your long-handled camp spoon. For Ultralight backpacking camping bikepacking.
574;Nextus Spacepod: Coolest Open Source Mini TV;Ended;103%;Gadgets;Hong Kong, Hong Kong;;Nextus;[];https://www.kickstarter.com/projects/nextusspacepod/nextus-spacepod-coolest-open-source-mini-tv;Display Time, Check Weather, Countdown,Open Source, Digital Photo & GIF Frames, Clock, Wi-Fi, Interchangeable Spaceship & Manga Theme
575;SHARGE Disk ‰∏®The ultimate storage solution for EDC device;Ended;10571%;Gadgets;New York, NY;;Sharge Tech;['https://shargeek.com/', 'https://sharge.com/'];https://www.kickstarter.com/projects/shargetech/sharge-disk-the-ultimate-storage-solution-for-edc-device;Two-bottle-cap size‰∏®Cool down your SSD by 20¬∞C‰∏®Cable-free‰∏®Tool-free assembly‰∏®Sending a 4K movie in <2min
576;NeuroVizr‚Ñ¢;Ended;308%;Gadgets;Lausanne, Switzerland;;NeuroVizr‚Ñ¢;[];https://www.kickstarter.com/projects/1555691516/neurovizrtm-the-change-maker;Unlock your potential with ease
577;Magmo Pro: Automatic Call Recorder for iPhone;Ended;2570%;Gadgets;Seoul, South Korea;;MUNE AMERICA INC;['https://www.magmoglobal.com/', 'https://www.muneproduct.com/'];https://www.kickstarter.com/projects/magmo/magmo-pro-automatic-call-recorder-for-iphone;Record Calls. Clearly. Freely. Automatically with MagSafe
578;NEWYES Scan Reader Pen 4: a Multifunctional Translator;Ended;848%;Gadgets;Hong Kong, Hong Kong;;NEWYES;['https://www.newyes.com/'];https://www.kickstarter.com/projects/newyes1/newyes-scan-reader-pen-4-a-multifunctional-translator;112 languages Translator| Scanner Pen|Speech & Text & Photo Translator |Dyslexia Aid |Built-in Collins Dictionary |Built-in ChatGPT
579;Zeus-X Go Ultra : Fastest 6-in-1 240W USB 3.2 Keychain Cable;Ended;6657%;Gadgets;Sydney, AU;;Futurizta Tech;['https://www.futurizta.com/'];https://www.kickstarter.com/projects/futuriztatech/zeus-x-go-ultra-the-6-in-1-240w-usb-31-universal-cable;6-in-1 Charge Any Device | 240W PD| USB 3.1 Gen2 | 10Gbp Data Transfer | Apple 30W | 0-100% in 30 minutes| Innovative adapter mechanism
580;Apple WWDC 2023 Pin Set;Ended;840%;Gadgets;Lehi, UT;;Straton Roberts;['https://glitchbits.com/'];https://www.kickstarter.com/projects/straton/apple-wwdc-2023-pin-set;An enamel pin set commemorating Apple's WWDC 2023 conference and iconic hardware. Unofficial gear by a passionate UX designer.
581;LitONES Video Conference Light For Zoom Meeting;Ended;133%;Gadgets;Hong Kong, Hong Kong;;LitONES;[];https://www.kickstarter.com/projects/1348834908/litones-video-conference-light-for-zoom-meeting;World's first portable business-oriented conference light makes your video conferences professional| Adapts to any device
582;Redkey USB V5 The Ultimate Data Eraser for Your Privacy!;Ended;2584%;Gadgets;London, UK;;Gareth Owen;['http://www.redkeyusb.com/'];https://www.kickstarter.com/projects/redkeyusb/redkey-usb-v5;All-in-One Data Wipe Tool for PCs, Phones & Tablets. Simple, Secure, Unlimited use. Lifetime Updates.
583;OENKLEN: Turn Tap Water Into Ozone Mouthwash In Sec At Home;Ended;3814%;Gadgets;Dover, DE;;OENKLEN;['http://oenklen.com/'];https://www.kickstarter.com/projects/oenklen/smart-ozone-mouthwash-machine;100% Natural & Organic|99%Sterilization|Solve Oral Problems |Upgraded Oral Care|Achieve Professional Oral Care at Home
584;AirCard - Find your wallet. Always.;Ended;5301%;Gadgets;Lugano, Switzerland;;Rolling Square;['https://rollingsquare.com/'];https://www.kickstarter.com/projects/rollingsquare/aircard-find-your-wallet-always;Apple Find My worldwide tracking - RFID Blocker - Digital Business Card - 2.2mm thin - 2.5 years battery life
585;Mobile Hose - A Powerful Portable On-The-Go Garden Hose;Ended;535%;Gadgets;Lihue, HI;;Kaimanu LLC;[];https://www.kickstarter.com/projects/mobilehose/mobile-hose-a-powerful-portable-on-the-go-garden-hose;Have water pressure in the palm of your hands anywhere at anytime! Mobile hose is powerful, made simple, no electrical power needed.
586;InvisOutlet ‚Äì Simplify Your Smart Home Setup;Ended;1612%;Gadgets;San Jose, CA;;Intecular;[];https://www.kickstarter.com/projects/intecular/invisoutlet;In-wall Smart Outlet | Sensing Cover Plates | Dimmable Nightlight | Works with Matter | Simplified Automation
587;mi-inta : easy, plug-in home Internet activity monitor;Ended;108%;Gadgets;Melbourne, AU;;speedtechs.net;['https://speedtechs.net/'];https://www.kickstarter.com/projects/1459015100/illuminate-your-online-activity-with-mi-inta;With interactive app | Devices, websites visited & activity levels in real time | No tech skills, sign-up or subs needed
588;AceCard - World's Thinnest Wallet Tracker;Ended;250%;Gadgets;Las Vegas, NV;;Ace;['https://www.acecards.co/'];https://www.kickstarter.com/projects/waleeds/wallet-tracker-works-with-apple-and-android-find-my-networks;Track your Wallet, Passport & More. Works with Apple & Android Find My - 1.9mm - 30 Month Battery - 105 dB Ringtone
589;Azio Tera 75 | Wireless Keyboard with Various Materials;Ended;180%;Gadgets;Los Angeles, CA;;Azio Corporation;['https://www.aziocorp.com/'];https://www.kickstarter.com/projects/azio/azio-tera-75-wireless-keyboard-with-various-materials;75% Layout | Interchangeable Materials | Hot-Swappable | Backlit RGB | Wired & Wireless | For Mac & PC
590;PasswordPocket | Your Personal Data Guardian;Ended;5216%;Gadgets;Taipei City, Taiwan;;Atlancube;['https://www.atlancube.com/en-tw'];https://www.kickstarter.com/projects/atlancube/passwordpocket-your-personal-data-guardian;Offline Password Manager | Military-Grade Encryption | Autofill | Save 1,000 Passwords | Support Multiple Devices | Bluetooth 4.2+
591;JordiLight Ultimate Headlamp/Flashlight for Home & Adventure;Ended;624%;Gadgets;San Francisco, CA;;Robert Haddad;['https://www.jordilight.com/'];https://www.kickstarter.com/projects/jordilight/jordilight-ultimate-headlamp-flashlight-for-home-and-adventure;3600 Lumens | Magnetic N35 | Flexible | 256 Color Mode | Rechargeable | Waterproof IP68 | e-Compass | Fall Sensor
592;Bird Buddy: The Summer of Birds;Ended;3140%;Gadgets;Kalamazoo, MI;;Bird Buddy;['https://mybirdbuddy.com/', 'https://www.facebook.com/mybirdbuddy', 'https://twitter.com/mybirdbuddy', 'https://www.instagram.com/my.bird.buddy/', 'https://www.reddit.com/r/bestofbirdbuddy/', 'https://www.linkedin.com/company/birdbuddy/', 'https://www.tiktok.com/@mybirdbuddy'];https://www.kickstarter.com/projects/mybirdbuddy/bird-buddy-the-summer-of-birds;A Smart Hummingbird Feeder & Smart Bird Bath that identify and capture stunning, up-close photos and videos of your backyard visitors.
593;„ÄåZeroCooler„Äç-Your Best Desktop Water Air Cooler&Humidifier;Ended;548%;Gadgets;Hong Kong, Hong Kong;;ZeroCooler;[];https://www.kickstarter.com/projects/zerocooler/zerocooler-your-best-desktop-water-air-coolerandhumidifier;Rapid cooling/Water-Spraying/1000mL big water box/
594;Nuwa Pen | AI-powered Ballpoint Pen;Ended;1856%;Gadgets;Groningen, Netherlands;;Nuwa;[];https://www.kickstarter.com/projects/nuwa/nuwa-pen-ai-powered-ballpoint-pen;Scattered sticky notes and paper? Digitize and organize your handwriting with Nuwa Pen.
595;Cable Matters¬Æ USB-C¬Æ KVM Switch Docking Station;Ended;125%;Gadgets;Southborough, MA;;Cable Matters;['http://www.cablematters.com/'];https://www.kickstarter.com/projects/cablematters/cable-matters-usb-c-kvm-switch-docking-station;The Cable Matters¬Æ USB-C¬Æ KVM Switch Dock is an ideal solution for sharing displays and USB peripheral devices between 2 USB-C devices.
596;3-in-1 Magsafe Wireless PD Charger&Magnetic Car Mount;Ended;1096%;Gadgets;Hong Kong, Hong Kong;;IWUOR;[];https://www.kickstarter.com/projects/118708730/pocket-3-in-1-magsafe-wireless-chargermagnetic-iphone-mount;Pocket 3-in-115w Magsafe wireless charging for Apple iPhone,iPad, Airpods & iwatch ,N52 Magnetic iPhone Car Mount,33w GaN PD Charger
597;AiiYME Smart High Speed Pet DryerÔºöMaking Pet Grooming Easier;Ended;218%;Gadgets;Kowloon, Hong Kong;;AiiYME;[];https://www.kickstarter.com/projects/aiiyme/aiiyme-smart-high-speed-pet-dryer-making-pet-grooming-easier;Suitable for pets of all sizes‰∏®61DB the quietest pet hair dryer‰∏®Precise temperature and airflow control‰∏®19 min to dry an adult Labrador
598;E-Tank: 200W Fast-Charging Power Strip for 7 Devices at once;Ended;988%;Gadgets;Hong Kong, Hong Kong;;Davis;['https://facebook.com/MFiShStudio'];https://www.kickstarter.com/projects/mfish/e-tank-fuel-your-gaming-with-high-performance-power-strip;200W PD 3.1 Fast Charging Technology/GaN Tech/3*AC Outlets+4*USB-C Fast Charging Port/7 Devices/ RGB Lights/Touch Switch/ E-sports Life
599;HiBREW G5 Electric Coffee Grinder with 99.8% Powder Rate;Ended;1988%;Gadgets;Hong Kong, Hong Kong;;HiBREW;['https://ks.hibrewcoffe.com/', 'https://www.hibrew.com/'];https://www.kickstarter.com/projects/848154631/hibrew-electric-coffee-grinder-with-998-powder-rate;Innovation structure design. Can realize the production of Turkish„ÄÅEspresso„ÄÅMocca„ÄÅDrip Coffee„ÄÅPour Over Coffee.
600;Upgraded LeMat Magnetic Fixer 2.0 - Modernize your Desk Mat.;Ended;1828%;Gadgets;Los Angeles, CA;;VoRis;['https://lemat.io/', 'https://www.facebook.com/profile.php?id=61550909843465'];https://www.kickstarter.com/projects/vor-is/lemat-magnetic-fixer-20-upgrade-your-desk-mat-all-in-one;CHARGING | NFC TAG | TOOLBAR | PERSONALIZATION. Clever desk organizer featuring a magnetic design compatible with any desk pad.
601;i-MANTA2: Make Your Screen Interactive;Ended;649%;Gadgets;Los Angeles, CA;;IdeaClub;[];https://www.kickstarter.com/projects/1610817465/i-manta2-make-your-screen-interactive;Turn any surface into an interactive touchscreenÔºÅ
602;CANDYSIGN: 120W 2IN1 Detachable Charging Station;Ended;321%;Gadgets;Hong Kong, Hong Kong;;CANDYSIGN;[];https://www.kickstarter.com/projects/1074174997/candysign-120w-2in1-detachable-charging-station;Socket&Charger 2IN1 / 120W / 7 Ports / Portable / Desktop Decor
603;K3 Foldable Touch-Expanding Screen Keyboard;Ended;4934%;Gadgets;Hong Kong, Hong Kong;;Kwumsy;['https://kwumsy.com/'];https://www.kickstarter.com/projects/kwumsy/k3-foldable-touch-expanding-screen-keyboard;13-INCH Touch-expanding Screen | 10-Point Touch Screen | 1920*720 P 60HZ Resolution Display | Foldable 0-90 degree | 82-Key Detachable
604;Louvdy | The revolutionary smart cane;Ended;100%;Gadgets;Bordeaux, France;;Louvdy;[];https://www.kickstarter.com/projects/louvdy/louvdy-the-revolutionary-smart-cane;Intelligent mobility device for seniors. Louvdy solves a major public health issue.
605;RayBit SC1: All-in-one LIVE Streaming Camera;Ended;1125%;Gadgets;La Habra Heights, CA;;RayBit;['https://www.raybit.com/', 'https://www.facebook.com/RaybitCam'];https://www.kickstarter.com/projects/raybit/raybit-sc1-all-in-one-live-streaming-camera;Manage 5 Cameras & 3 Platforms|Low Latency Wireless Connection|AI Auto Framing|Intelligent Voice Tracking|External Device Supported
606;"Permaplug: The charger your roommate can't ""borrow.""";Ended;213%;Gadgets;Dallas, TX;;Permaplug;['https://www.instagram.com/permaplug/', 'https://www.facebook.com/permaplug', 'https://www.perma-plug.com/'];https://www.kickstarter.com/projects/permaplug/permaplug-secure-your-chargers-and-outlets-with-permaplug;"Definition: a charger that locks into place to prevent your housemates, children, and siblings from ""borrowing"" your precious charger."
607;DENTEN 2-in-1 Calculator & Numpad;Ended;133%;Gadgets;Tokyo, Japan;;REM;[];https://www.kickstarter.com/projects/denten/denten-2-in-1-calculator-and-numpad;Boost Your Productivity with an All-in-One Calculator & Numpad, Seamless Functionality, and Mechanical Key Switches
608;Cord Mate: Rare-Earth Magnetic Cord Holder and Organizer!;Ended;490%;Gadgets;Mount Airy, MD;;GM Innovations;['https://thecordmate.com/', 'https://www.instagram.com/cord.mate/'];https://www.kickstarter.com/projects/gminnovations/cord-mate-rare-earth-magnetic-cord-holder-and-organizer-0;Light weight and holding 80X it‚Äôs weight, The Cord Mate shows impressive versatility while being used commercially and residentially.
609;YOFHO Prisma: 3-in-1 Desktop Space Saver;Ended;520%;Gadgets;Hong Kong, Hong Kong;;Yofho;[];https://www.kickstarter.com/projects/879951763/yofho-prisma-3-in-1-desk-space-saver;The ultimate desk organizer with wireless charging and detachable connection hub | De-Clutter, Do More With Less
610;Bord;Ended;134%;Gadgets;Brooklyn, NY;;Bord;['https://www.buybord.com/'];https://www.kickstarter.com/projects/bord/bord;The mouse pad that moves with you
611;IAQ: The First Complete Home Air Quality Monitor;Ended;203%;Gadgets;San Diego, CA;;Gideon Rubin;['https://www.youriaq.com/'];https://www.kickstarter.com/projects/769200769/iaq-the-first-complete-home-air-quality-monitor;Take control of your indoor air with a no-setup device that monitors for more than 20 common air pollutants.
612;YUNY: Enjoy the Irreplaceable and Instantaneous Interaction!;Ended;583%;Gadgets;Vancouver, Canada;;YUNY;[];https://www.kickstarter.com/projects/yuny/yuny-enjoy-the-irreplaceable-and-instantaneous-interaction;Catch Every Single Action!The Ideal Projector for Dual Monitor and Outdoor Activity! A Full 90 Inch Display Even in a Small Space!
613;EM3 Ether: 9mm Super-Thin VR Glasses for Gaming and Movies;Ended;3081%;Gadgets;Washington, DC;;EM3;[];https://www.kickstarter.com/projects/427680735/em3-ether-9mm-thin-vr-glasses-for-gaming-and-movies;3DOF Supported | 5K Resolution Combined | 65g Ultralight | 9mm Super-Thin Lenses | 2D/3D/VR Immersive Viewing
614;JuicePi: Ultimate EDC Magnetic Power Bank Wall Charger Combo;Ended;1390%;Gadgets;Broomfield, CO;;iSwift;['https://iswift.us/'];https://www.kickstarter.com/projects/iswiftteam/juicepi;10,000mAh power bank charges magnetically when attached to the 30W wall charger | Travel-friendly | Rapid charging | Sleek & portable
615;Havsste‚ÄîQuiet & Eco-Friendly Wine Cooler;Ended;185%;Gadgets;Hong Kong, Hong Kong;;Havsste;[];https://www.kickstarter.com/projects/1850472560/havsstelightweight-and-portable-wine-cooler;Elegant appearance|Intelligent temperature control|35~68¬∞F Adjustable. Suitable for 750ml Red & White Wine, Champagne or other drinks
616;3-in-1 Zipper Charging Cable: A New Level of Convenience;Ended;1023%;Gadgets;Hong Kong, Hong Kong;;Waeaste;[];https://www.kickstarter.com/projects/1076283477/3-in-1-zipper-charging-cable-data-transmission;Data Transmission | 4 Kinds of Ports | From 1M to 3M Zip Charging Cable | Waterproof Design | Outdoor Partner | PD Fast Charging
617;Feel Good Mat: A New Way to Relax & De-Stress;Ended;211%;Gadgets;San Francisco, CA;;Kristan;['https://www.feelgoodpeople.com/'];https://www.kickstarter.com/projects/feelgoodmat/feel-good-mat-a-new-way-to-relax-and-de-stress;The Immersive Vibration Therapy Mat + App Designed to Deeply Relax Your Mind and Body.
618;Energy Buddy: EDC All-in-one Compact & Portable Power Bank!;Ended;908%;Gadgets;Hong Kong, Hong Kong;;Magica Team;['https://www.facebook.com/profile.php?id=100087366761316'];https://www.kickstarter.com/projects/magica-team/vigor-mate-bringing-happiness-through-energy;Bluetooth Speaker | 5000mAh Power Bank | Phone Stand | Light & Portable | Wide Compatibility
619;Pick!tUp - A revolution in picking up litter & garbage;Ended;110%;Gadgets;Kleinkarlbach, Germany;;Arnaud Huber;['https://umweltfreund.earth/', 'https://piu.earth/'];https://www.kickstarter.com/projects/185723881/picktup-a-revolution-in-picking-up-litter-and-garbage;You're tired of seeing litter strewn around the environment? Join the P!U movement and make a difference! Pick it Up with us, together!
620;BRUYOMEI‚Äî3 in 1 Oxygen Generator & Sleep Wave & Air Purifier;Ended;459%;Gadgets;Hong Kong, Hong Kong;;BRUYOMEI;[];https://www.kickstarter.com/projects/1978299263/bruyomei3-in-1-oxygen-generator-and-sleep-wave-and-air-purifier;Intelligent Purification|5 Air Speeds Adjustable |UV Sterilization |Fresh Oxygen Generation| Sleep Wave| Light Sensor
621;Checkpad - Add items to your shopping list with one press;Ended;196%;Gadgets;Luxembourg City, Luxembourg;;MOONTO;['https://www.moonto.app/'];https://www.kickstarter.com/projects/moonto/checkpad-add-items-to-your-shopping-list-with-one-press;Wi-Fi & & BLE - Easy Setup - Magnetic System - Open to Automation - Energy-efficient - Free Mobile App
622;Personal Flight Vehicle: Electric & Folding SkySurfer eVTOL;Ended;123%;Gadgets;Los Angeles, CA;;Hunter Kowald;['https://skysurferaircraft.com/'];https://www.kickstarter.com/projects/skysurferaircraft/skysurfer-aircraft;A compact electric flight vehicle which can fold down into your luggage & provide anyone with safe freedom of movement within the sky.
623;Eternal City: World's 1st DIY Space-themed Charging Station;Ended;813%;Gadgets;Los Angeles, CA;;AOHi;['https://www.iaohi.com/'];https://www.kickstarter.com/projects/aohi/charging-dock;Unleash your inner engineer. Soar to new heights in both work & imagination w/ the ultimate DIY cyberpunk wireless charger & power bank
624;Starship Seer - Make the future foreseeable!;Ended;1693%;Gadgets;Los Angeles, CA;;STORM 2;['https://www.shargeek.com/'];https://www.kickstarter.com/projects/edc-power-bank/starship-seer-make-the-future-foreseeable;10,000mAh power bank/35W output/30W input/USB-A & USB-C/Predict remain charging time/12 hour program Clock/Alarm clock/Portable/Stylish
625;abxylute: Top-notch streaming handheld with stunning display;Ended;5168%;Gadgets;Tuen Mun, Hong Kong;;abxylute;['https://abxylute.com/'];https://www.kickstarter.com/projects/abxylute/abxylute-cloud-gaming-handheld-console;"One-stop gaming | Remote Play | 7"" 1080P Graphics | 8-hr Gameplay | Low latency | Built-in Launcher | Precise Controls"
626;CreationSpace Pro, the Most Powerful Pocket E-screwdriver;Ended;4715%;Gadgets;Lewes, DE;;Creationspace;[];https://www.kickstarter.com/projects/2065507286/creationspace-pro-a-61kgfcm-torque-edc-e-screwdriver;6.1kgf.cm Largest Torque among Same Size | 3 Torques | 26 Bits + 3 Drills | 7 Universal Tools | 250 RPM | Pen-Shape Design | LED Lights
627;iChessOne: First Foldable Electronic Chessboard|Made of Wood;Ended;465%;Gadgets;Gdynia, Poland;;iChess;['https://www.linktr.ee/iChessOne'];https://www.kickstarter.com/projects/ichessone/ichessone-foldable-electronic-chessboard;Tournament-style, hand-carved wooden set, easy to carry and transport. Play chess online but on a real board with anyone in the world!
628;Bone Conduction Business Headset & Bluetooth Headphones;Ended;2054%;Gadgets;Hong Kong, Hong Kong;;Sam&Johnny;['https://www.samjohnny.net/'];https://www.kickstarter.com/projects/619020748/bone-conduction-business-headset-and-bluetooth-headphones;Sam&Johnny‚ÄîOpen-ear Headphones l Bluetooth 5.2 l Magnetic microphone l Bone & air conduction dual speakers, with the best calls & sound
629;Neatify : The Magic Box that Solves Your Small Problems;Ended;262%;Gadgets;Chicago, IL;;Neatify;[];https://www.kickstarter.com/projects/240796480/neatify-the-magic-box-that-solves-your-small-problems;Simple organization, easy cleaning: A portable box that combines storage and cleaning functions
630;Tensegrity Table for Phones;Ended;367%;Gadgets;Royal Borough of Windsor and Maidenhead, UK;;Kontax Engineering Ltd;['http://www.stirlingengine.co.uk/', 'http://www.facebook.com/kontaxstirlingengines', 'https://www.kontax.co.uk/'];https://www.kickstarter.com/projects/kontax/tensegrity-table-for-phones;A companion for your phone. Great for facetime, teams meetings. Or just to cradle your phone.
631;Light-Up Chess by Masteek | Wireless Led Chess Set;Ended;106%;Gadgets;Vilnius, Lithuania;;Masteek;['https://www.masteek.com/'];https://www.kickstarter.com/projects/masteekchess/light-up-chess-by-masteek-wireless-led-chess-set;Chess pieces light up wirelessly using electromagnetic induction.
632;Ralcam F6 Endoscope, Expand Your Vision in Hard-To-See Space;Ended;828%;Gadgets;Hong Kong, Hong Kong;;RalcamTech;[];https://www.kickstarter.com/projects/ralcamtech/ralcam-endoscope-expand-your-vison-in-hard-to-see-spaces;"360¬∞ Four-Way Steering Lens | 4.3"" IPS HD Display | Customized Snake Tube Up To 3m | IP67 Waterproof"
633;Zoo Gears - All-In-One Smart Music Instrument for Pets;Ended;402%;Gadgets;Hong Kong, Hong Kong;;Zoo Gears;['https://www.zoogears.com/'];https://www.kickstarter.com/projects/dean-take/zoo-gears-all-in-one-smart-music-instrument-for-pets;Smart Music Instrument | Educational kits for IQ & mental development | Communication tools | Food feeder & tech modules add-in
634;Birdfy Nest: A Dual-Camera Smart Bird House;Ended;6033%;Gadgets;Los Angeles, CA;;Netvue;['http://netvue.com/'];https://www.kickstarter.com/projects/netvue/birdfy-nest-smart-bird-house-for-bird-hatching-and-nesting;Enjoy the beauty of bird nesting on your phone anytime anywhere.
635;Boop - A virtual meeting controller;Ended;201%;Gadgets;Lincoln, NE;;Jayanta Chakraborty;[];https://www.kickstarter.com/projects/jcb123/boop-a-virtual-meeting-controller;Boop is a pocket-sized gadget to help you mute, screen share, & control your video in online meetings.
636;Camp super comfortable sleep mattressÔºÅÔºÅ;Ended;105%;Gadgets;Idabel, OK;;CCOKBAND;[];https://www.kickstarter.com/projects/1673797453/new-concept-ecological-frying-pan;A magical campcot that makes for a comfortable sleep even at camp
637;Delta 2-in-1 Reflective Reversible Graphene Jacket;Ended;1227%;Gadgets;Hong Kong, Hong Kong;;Wear Graphene;['https://weargraphene.com/'];https://www.kickstarter.com/projects/weargraphenedelta/delta-2-in-1-reflective-reversible-graphene-jacket;One-of-a-kind apparel made for day and night performance. Graphene-infused, lightweight, waterproof, windproof, and strong-as-diamonds.
638;Catmos - The Smart Cat Collar;Ended;1238%;Gadgets;Sheridan, WY;;Catmos Global;['https://www.catmosglobal.com/', 'https://www.instagram.com/catmosglobal/', 'https://www.facebook.com/profile.php?id=100089296410694'];https://www.kickstarter.com/projects/catmos/catmos-the-smart-cat-collar;The smart activity monitor translating meows into accurate and reliable data.
